{
  "generatedAt": "2026-01-26T03:11:20.498Z",
  "model": "doubao-seedream-4-5-251128",
  "apiKey": "PPT专用API (7041e3a8-...)",
  "size": "2K",
  "output": "1920x1080",
  "watermark": false,
  "negativePrompt": "不要文字，不要水印，不要logo，不要二维码，不要畸形手指，不要多余肢体，不要模糊，不要低清，不要过曝，不要血腥暴力，不要政治敏感标识",
  "total": 48,
  "success": 48,
  "failed": 0,
  "results": [
    {
      "id": "cover-01",
      "filename": "cover-01.jpg",
      "description": "封面 - 南京城市天际线（版本一）",
      "url": "https://ark-content-generation-v2-cn-beijing.tos-cn-beijing.volces.com/doubao-seedream-4-5/021769396413772ae767af4c69fa8400a91dada77a1314dffae5a_0.jpeg?X-Tos-Algorithm=TOS4-HMAC-SHA256&X-Tos-Credential=AKLTYWJkZTExNjA1ZDUyNDc3YzhjNTM5OGIyNjBhNDcyOTQ%2F20260126%2Fcn-beijing%2Ftos%2Frequest&X-Tos-Date=20260126T030026Z&X-Tos-Expires=86400&X-Tos-Signature=e58cda59c1c60a3068d232ff0f1aaba436a153921a912d42978e7cc8a4c957b2&X-Tos-SignedHeaders=host"
    },
    {
      "id": "cover-02",
      "filename": "cover-02.jpg",
      "description": "封面 - 南京城市天际线（版本二）",
      "url": "https://ark-content-generation-v2-cn-beijing.tos-cn-beijing.volces.com/doubao-seedream-4-5/021769396429963ae767af4c69fa8400a91dada77a1314dce7e8a_0.jpeg?X-Tos-Algorithm=TOS4-HMAC-SHA256&X-Tos-Credential=AKLTYWJkZTExNjA1ZDUyNDc3YzhjNTM5OGIyNjBhNDcyOTQ%2F20260126%2Fcn-beijing%2Ftos%2Frequest&X-Tos-Date=20260126T030041Z&X-Tos-Expires=86400&X-Tos-Signature=61bb5a538b0f532a71c1f3554a37612dc791c6c159c8a70740d95d90bd86adca&X-Tos-SignedHeaders=host"
    },
    {
      "id": "background-01",
      "filename": "background-01.jpg",
      "description": "项目背景 - 信息碎片化（版本一）",
      "url": "https://ark-content-generation-v2-cn-beijing.tos-cn-beijing.volces.com/doubao-seedream-4-5/021769396444378ae767af4c69fa8400a91dada77a1314d58180b_0.jpeg?X-Tos-Algorithm=TOS4-HMAC-SHA256&X-Tos-Credential=AKLTYWJkZTExNjA1ZDUyNDc3YzhjNTM5OGIyNjBhNDcyOTQ%2F20260126%2Fcn-beijing%2Ftos%2Frequest&X-Tos-Date=20260126T030053Z&X-Tos-Expires=86400&X-Tos-Signature=4b3db8a0970e5069639defd1b1518a6a1c1b2dd2aac134428c7c38b2bdb4fd6e&X-Tos-SignedHeaders=host"
    },
    {
      "id": "background-02",
      "filename": "background-02.jpg",
      "description": "项目背景 - 信息碎片化（版本二）",
      "url": "https://ark-content-generation-v2-cn-beijing.tos-cn-beijing.volces.com/doubao-seedream-4-5/021769396456488ae767af4c69fa8400a91dada77a1314d4626c3_0.jpeg?X-Tos-Algorithm=TOS4-HMAC-SHA256&X-Tos-Credential=AKLTYWJkZTExNjA1ZDUyNDc3YzhjNTM5OGIyNjBhNDcyOTQ%2F20260126%2Fcn-beijing%2Ftos%2Frequest&X-Tos-Date=20260126T030109Z&X-Tos-Expires=86400&X-Tos-Signature=8075d2a5654b2c35eb54ee5b17b0e77cd0b9b33ff717384cab0fe408d6379653&X-Tos-SignedHeaders=host"
    },
    {
      "id": "pain-01",
      "filename": "pain-01.jpg",
      "description": "痛点1 - 游客在多屏中迷失（版本一）",
      "url": "https://ark-content-generation-v2-cn-beijing.tos-cn-beijing.volces.com/doubao-seedream-4-5/021769396472626ae767af4c69fa8400a91dada77a1314d6cd274_0.jpeg?X-Tos-Algorithm=TOS4-HMAC-SHA256&X-Tos-Credential=AKLTYWJkZTExNjA1ZDUyNDc3YzhjNTM5OGIyNjBhNDcyOTQ%2F20260126%2Fcn-beijing%2Ftos%2Frequest&X-Tos-Date=20260126T030121Z&X-Tos-Expires=86400&X-Tos-Signature=9ae03798ceacb08f51eaa27c8d6baa22429882832651f5b3205f117be94514eb&X-Tos-SignedHeaders=host"
    },
    {
      "id": "pain-02",
      "filename": "pain-02.jpg",
      "description": "痛点1 - 游客在多屏中迷失（版本二）",
      "url": "https://ark-content-generation-v2-cn-beijing.tos-cn-beijing.volces.com/doubao-seedream-4-5/021769396484577ae767af4c69fa8400a91dada77a1314d7a6a68_0.jpeg?X-Tos-Algorithm=TOS4-HMAC-SHA256&X-Tos-Credential=AKLTYWJkZTExNjA1ZDUyNDc3YzhjNTM5OGIyNjBhNDcyOTQ%2F20260126%2Fcn-beijing%2Ftos%2Frequest&X-Tos-Date=20260126T030136Z&X-Tos-Expires=86400&X-Tos-Signature=d1cc04b9edbbeadd6f5d91d39ce4c35926a6e2f80a69389e239f4e9fc6c12206&X-Tos-SignedHeaders=host"
    },
    {
      "id": "digital-gap-01",
      "filename": "digital-gap-01.jpg",
      "description": "痛点2 - 入境服务链路（版本一）",
      "url": "https://ark-content-generation-v2-cn-beijing.tos-cn-beijing.volces.com/doubao-seedream-4-5/021769396499706ae767af4c69fa8400a91dada77a1314db0baf8_0.jpeg?X-Tos-Algorithm=TOS4-HMAC-SHA256&X-Tos-Credential=AKLTYWJkZTExNjA1ZDUyNDc3YzhjNTM5OGIyNjBhNDcyOTQ%2F20260126%2Fcn-beijing%2Ftos%2Frequest&X-Tos-Date=20260126T030151Z&X-Tos-Expires=86400&X-Tos-Signature=a9927890235dddddbb2f0a588242f6200f7fed7215807e9b99567ee30562adc7&X-Tos-SignedHeaders=host"
    },
    {
      "id": "digital-gap-02",
      "filename": "digital-gap-02.jpg",
      "description": "痛点2 - 入境服务链路（版本二）",
      "url": "https://ark-content-generation-v2-cn-beijing.tos-cn-beijing.volces.com/doubao-seedream-4-5/021769396514015ae767af4c69fa8400a91dada77a1314da6b59d_0.jpeg?X-Tos-Algorithm=TOS4-HMAC-SHA256&X-Tos-Credential=AKLTYWJkZTExNjA1ZDUyNDc3YzhjNTM5OGIyNjBhNDcyOTQ%2F20260126%2Fcn-beijing%2Ftos%2Frequest&X-Tos-Date=20260126T030204Z&X-Tos-Expires=86400&X-Tos-Signature=135698b7f5bddeb12fb0858328774b7148d4baeb249fb9e90154d8334ca56791&X-Tos-SignedHeaders=host"
    },
    {
      "id": "policy-01",
      "filename": "policy-01.jpg",
      "description": "政策与市场 - 文化+科技（版本一）",
      "url": "https://ark-content-generation-v2-cn-beijing.tos-cn-beijing.volces.com/doubao-seedream-4-5/021769396528396013359aa4be1d50f017ce693675296f1f66c11_0.jpeg?X-Tos-Algorithm=TOS4-HMAC-SHA256&X-Tos-Credential=AKLTYWJkZTExNjA1ZDUyNDc3YzhjNTM5OGIyNjBhNDcyOTQ%2F20260126%2Fcn-beijing%2Ftos%2Frequest&X-Tos-Date=20260126T030217Z&X-Tos-Expires=86400&X-Tos-Signature=aeb35dd40cfb276899ec42b901e97518d4d5dd91643d193db829b6056bd7330c&X-Tos-SignedHeaders=host"
    },
    {
      "id": "policy-02",
      "filename": "policy-02.jpg",
      "description": "政策与市场 - 文化+科技（版本二）",
      "url": "https://ark-content-generation-v2-cn-beijing.tos-cn-beijing.volces.com/doubao-seedream-4-5/021769396540536013359aa4be1d50f017ce693675296f1ef8435_0.jpeg?X-Tos-Algorithm=TOS4-HMAC-SHA256&X-Tos-Credential=AKLTYWJkZTExNjA1ZDUyNDc3YzhjNTM5OGIyNjBhNDcyOTQ%2F20260126%2Fcn-beijing%2Ftos%2Frequest&X-Tos-Date=20260126T030229Z&X-Tos-Expires=86400&X-Tos-Signature=d96a63fdee35c317522ddbd8a1db1b10ba63f065d953b3ca7f271ce41f0d91aa&X-Tos-SignedHeaders=host"
    },
    {
      "id": "region-01",
      "filename": "region-01.jpg",
      "description": "区域优势 - 南京文化地标拼贴（版本一）",
      "url": "https://ark-content-generation-v2-cn-beijing.tos-cn-beijing.volces.com/doubao-seedream-4-5/021769396552175013359aa4be1d50f017ce693675296f148422a_0.jpeg?X-Tos-Algorithm=TOS4-HMAC-SHA256&X-Tos-Credential=AKLTYWJkZTExNjA1ZDUyNDc3YzhjNTM5OGIyNjBhNDcyOTQ%2F20260126%2Fcn-beijing%2Ftos%2Frequest&X-Tos-Date=20260126T030241Z&X-Tos-Expires=86400&X-Tos-Signature=851d46d94c7d0ae1c05ecef9a34a6617821e05bd47c14f2c1e98f5d4f2ed7d72&X-Tos-SignedHeaders=host"
    },
    {
      "id": "region-02",
      "filename": "region-02.jpg",
      "description": "区域优势 - 南京文化地标拼贴（版本二）",
      "url": "https://ark-content-generation-v2-cn-beijing.tos-cn-beijing.volces.com/doubao-seedream-4-5/021769396564802013359aa4be1d50f017ce693675296f16a4d32_0.jpeg?X-Tos-Algorithm=TOS4-HMAC-SHA256&X-Tos-Credential=AKLTYWJkZTExNjA1ZDUyNDc3YzhjNTM5OGIyNjBhNDcyOTQ%2F20260126%2Fcn-beijing%2Ftos%2Frequest&X-Tos-Date=20260126T030253Z&X-Tos-Expires=86400&X-Tos-Signature=e92b1f88867fbeba7fa91e95c1ff4acbe97976845932ea93eb7e9dd974c10ff1&X-Tos-SignedHeaders=host"
    },
    {
      "id": "solution-01",
      "filename": "solution-01.jpg",
      "description": "解决方案总览 - 闭环系统（版本一）",
      "url": "https://ark-content-generation-v2-cn-beijing.tos-cn-beijing.volces.com/doubao-seedream-4-5/021769396576382013359aa4be1d50f017ce693675296f1c22d75_0.jpeg?X-Tos-Algorithm=TOS4-HMAC-SHA256&X-Tos-Credential=AKLTYWJkZTExNjA1ZDUyNDc3YzhjNTM5OGIyNjBhNDcyOTQ%2F20260126%2Fcn-beijing%2Ftos%2Frequest&X-Tos-Date=20260126T030305Z&X-Tos-Expires=86400&X-Tos-Signature=e324ed16ff315661535b323ffba8796d01a913a0b5c56e217a05f58d0c5aeb21&X-Tos-SignedHeaders=host"
    },
    {
      "id": "solution-02",
      "filename": "solution-02.jpg",
      "description": "解决方案总览 - 闭环系统（版本二）",
      "url": "https://ark-content-generation-v2-cn-beijing.tos-cn-beijing.volces.com/doubao-seedream-4-5/021769396588800013359aa4be1d50f017ce693675296f182e0aa_0.jpeg?X-Tos-Algorithm=TOS4-HMAC-SHA256&X-Tos-Credential=AKLTYWJkZTExNjA1ZDUyNDc3YzhjNTM5OGIyNjBhNDcyOTQ%2F20260126%2Fcn-beijing%2Ftos%2Frequest&X-Tos-Date=20260126T030320Z&X-Tos-Expires=86400&X-Tos-Signature=bdd9c8cc98a0ab9f94585b405bcb1f30a6c4d1e8f2c2f28c3ede9622a845e8d1&X-Tos-SignedHeaders=host"
    },
    {
      "id": "tech-01",
      "filename": "tech-01.jpg",
      "description": "核心技术创新 - 多智能体网络（版本一）",
      "url": "https://ark-content-generation-v2-cn-beijing.tos-cn-beijing.volces.com/doubao-seedream-4-5/021769396602901013359aa4be1d50f017ce693675296f1ee3d1e_0.jpeg?X-Tos-Algorithm=TOS4-HMAC-SHA256&X-Tos-Credential=AKLTYWJkZTExNjA1ZDUyNDc3YzhjNTM5OGIyNjBhNDcyOTQ%2F20260126%2Fcn-beijing%2Ftos%2Frequest&X-Tos-Date=20260126T030333Z&X-Tos-Expires=86400&X-Tos-Signature=fa6ce75db754a781a215bc39261ea4b01872141838b6c412da6cdb5c2679e3ae&X-Tos-SignedHeaders=host"
    },
    {
      "id": "tech-02",
      "filename": "tech-02.jpg",
      "description": "核心技术创新 - 多智能体网络（版本二）",
      "url": "https://ark-content-generation-v2-cn-beijing.tos-cn-beijing.volces.com/doubao-seedream-4-5/021769396616222013359aa4be1d50f017ce693675296f1cba551_0.jpeg?X-Tos-Algorithm=TOS4-HMAC-SHA256&X-Tos-Credential=AKLTYWJkZTExNjA1ZDUyNDc3YzhjNTM5OGIyNjBhNDcyOTQ%2F20260126%2Fcn-beijing%2Ftos%2Frequest&X-Tos-Date=20260126T030345Z&X-Tos-Expires=86400&X-Tos-Signature=883374c8835f73342809c7cff95bf12a1f4520288ae7c302651e220dc374ad2c&X-Tos-SignedHeaders=host"
    },
    {
      "id": "atlas-01",
      "filename": "atlas-01.jpg",
      "description": "地图图鉴 - 南京城市漫游路线（版本一）",
      "url": "https://ark-content-generation-v2-cn-beijing.tos-cn-beijing.volces.com/doubao-seedream-4-5/021769396628342013359aa4be1d50f017ce693675296f176084e_0.jpeg?X-Tos-Algorithm=TOS4-HMAC-SHA256&X-Tos-Credential=AKLTYWJkZTExNjA1ZDUyNDc3YzhjNTM5OGIyNjBhNDcyOTQ%2F20260126%2Fcn-beijing%2Ftos%2Frequest&X-Tos-Date=20260126T030359Z&X-Tos-Expires=86400&X-Tos-Signature=de51172cd398f0c272b3e59e93d9435edefccdbacd731ff9d1ff3c7d942d5b48&X-Tos-SignedHeaders=host"
    },
    {
      "id": "atlas-02",
      "filename": "atlas-02.jpg",
      "description": "地图图鉴 - 南京城市漫游路线（版本二）",
      "url": "https://ark-content-generation-v2-cn-beijing.tos-cn-beijing.volces.com/doubao-seedream-4-5/021769396642023013359aa4be1d50f017ce693675296f1b2c121_0.jpeg?X-Tos-Algorithm=TOS4-HMAC-SHA256&X-Tos-Credential=AKLTYWJkZTExNjA1ZDUyNDc3YzhjNTM5OGIyNjBhNDcyOTQ%2F20260126%2Fcn-beijing%2Ftos%2Frequest&X-Tos-Date=20260126T030410Z&X-Tos-Expires=86400&X-Tos-Signature=cdf19de48309305265077cdf974f9bb3ea88162e684cbebfe458bc81ee0a1e10&X-Tos-SignedHeaders=host"
    },
    {
      "id": "story-morning",
      "filename": "story-morning.jpg",
      "description": "片场剧本 - 清晨版（版本一）",
      "url": "https://ark-content-generation-v2-cn-beijing.tos-cn-beijing.volces.com/doubao-seedream-4-5/021769396654708013359aa4be1d50f017ce693675296f1c9811d_0.jpeg?X-Tos-Algorithm=TOS4-HMAC-SHA256&X-Tos-Credential=AKLTYWJkZTExNjA1ZDUyNDc3YzhjNTM5OGIyNjBhNDcyOTQ%2F20260126%2Fcn-beijing%2Ftos%2Frequest&X-Tos-Date=20260126T030426Z&X-Tos-Expires=86400&X-Tos-Signature=64f7af6ea304314697a4192753aed1d48e280b8615fed6cef980bd04a1e98ac6&X-Tos-SignedHeaders=host"
    },
    {
      "id": "story-morning-alt",
      "filename": "story-morning-alt.jpg",
      "description": "片场剧本 - 清晨版（版本二）",
      "url": "https://ark-content-generation-v2-cn-beijing.tos-cn-beijing.volces.com/doubao-seedream-4-5/021769396669868013359aa4be1d50f017ce693675296f1683a58_0.jpeg?X-Tos-Algorithm=TOS4-HMAC-SHA256&X-Tos-Credential=AKLTYWJkZTExNjA1ZDUyNDc3YzhjNTM5OGIyNjBhNDcyOTQ%2F20260126%2Fcn-beijing%2Ftos%2Frequest&X-Tos-Date=20260126T030445Z&X-Tos-Expires=86400&X-Tos-Signature=b3fe95103c1a18654163d59f9ef91963cdc0581b217a8b420984ec34c006df61&X-Tos-SignedHeaders=host"
    },
    {
      "id": "story-afternoon",
      "filename": "story-afternoon.jpg",
      "description": "片场剧本 - 午后版（版本一）",
      "url": "https://ark-content-generation-v2-cn-beijing.tos-cn-beijing.volces.com/doubao-seedream-4-5/021769396688665013359aa4be1d50f017ce693675296f173f53b_0.jpeg?X-Tos-Algorithm=TOS4-HMAC-SHA256&X-Tos-Credential=AKLTYWJkZTExNjA1ZDUyNDc3YzhjNTM5OGIyNjBhNDcyOTQ%2F20260126%2Fcn-beijing%2Ftos%2Frequest&X-Tos-Date=20260126T030457Z&X-Tos-Expires=86400&X-Tos-Signature=b32c60f951b0de7bcde3bdb997fb7f231469219be9292fa99a180babaa29ca63&X-Tos-SignedHeaders=host"
    },
    {
      "id": "story-afternoon-alt",
      "filename": "story-afternoon-alt.jpg",
      "description": "片场剧本 - 午后版（版本二）",
      "url": "https://ark-content-generation-v2-cn-beijing.tos-cn-beijing.volces.com/doubao-seedream-4-5/021769396700299013359aa4be1d50f017ce693675296f15d621f_0.jpeg?X-Tos-Algorithm=TOS4-HMAC-SHA256&X-Tos-Credential=AKLTYWJkZTExNjA1ZDUyNDc3YzhjNTM5OGIyNjBhNDcyOTQ%2F20260126%2Fcn-beijing%2Ftos%2Frequest&X-Tos-Date=20260126T030509Z&X-Tos-Expires=86400&X-Tos-Signature=680d60bf5d8438a851d9f7987071beb313881a203672d1994ab1808ac9269e93&X-Tos-SignedHeaders=host"
    },
    {
      "id": "story-night",
      "filename": "story-night.jpg",
      "description": "片场剧本 - 夜晚版（版本一）",
      "url": "https://ark-content-generation-v2-cn-beijing.tos-cn-beijing.volces.com/doubao-seedream-4-5/021769396712142013359aa4be1d50f017ce693675296f17fe105_0.jpeg?X-Tos-Algorithm=TOS4-HMAC-SHA256&X-Tos-Credential=AKLTYWJkZTExNjA1ZDUyNDc3YzhjNTM5OGIyNjBhNDcyOTQ%2F20260126%2Fcn-beijing%2Ftos%2Frequest&X-Tos-Date=20260126T030521Z&X-Tos-Expires=86400&X-Tos-Signature=1c00a35150d4dc8691409e8ef46e1e71207f26d7968220020f6f1e376d2e761b&X-Tos-SignedHeaders=host"
    },
    {
      "id": "story-night-alt",
      "filename": "story-night-alt.jpg",
      "description": "片场剧本 - 夜晚版（版本二）",
      "url": "https://ark-content-generation-v2-cn-beijing.tos-cn-beijing.volces.com/doubao-seedream-4-5/021769396724335013359aa4be1d50f017ce693675296f18f9931_0.jpeg?X-Tos-Algorithm=TOS4-HMAC-SHA256&X-Tos-Credential=AKLTYWJkZTExNjA1ZDUyNDc3YzhjNTM5OGIyNjBhNDcyOTQ%2F20260126%2Fcn-beijing%2Ftos%2Frequest&X-Tos-Date=20260126T030533Z&X-Tos-Expires=86400&X-Tos-Signature=be3ff5438fc48b3e569419f82983d018599e22fd490aafa652a0c7c5f540d536&X-Tos-SignedHeaders=host"
    },
    {
      "id": "studio-01",
      "filename": "studio-01.jpg",
      "description": "文化识别 - 非遗/建筑细节（版本一）",
      "url": "https://ark-content-generation-v2-cn-beijing.tos-cn-beijing.volces.com/doubao-seedream-4-5/021769396736797013359aa4be1d50f017ce693675296f18eec80_0.jpeg?X-Tos-Algorithm=TOS4-HMAC-SHA256&X-Tos-Credential=AKLTYWJkZTExNjA1ZDUyNDc3YzhjNTM5OGIyNjBhNDcyOTQ%2F20260126%2Fcn-beijing%2Ftos%2Frequest&X-Tos-Date=20260126T030546Z&X-Tos-Expires=86400&X-Tos-Signature=cfaed2aef0e4036ebca30de2ebaf08d63e85440a72b3c45f5bed703dc934317c&X-Tos-SignedHeaders=host"
    },
    {
      "id": "studio-02",
      "filename": "studio-02.jpg",
      "description": "文化识别 - 非遗/建筑细节（版本二）",
      "url": "https://ark-content-generation-v2-cn-beijing.tos-cn-beijing.volces.com/doubao-seedream-4-5/021769396748907013359aa4be1d50f017ce693675296f1f5799f_0.jpeg?X-Tos-Algorithm=TOS4-HMAC-SHA256&X-Tos-Credential=AKLTYWJkZTExNjA1ZDUyNDc3YzhjNTM5OGIyNjBhNDcyOTQ%2F20260126%2Fcn-beijing%2Ftos%2Frequest&X-Tos-Date=20260126T030557Z&X-Tos-Expires=86400&X-Tos-Signature=ca04359597f9d8d5271ec2648e0df575a9392e5e2911fc3f3e4c1465ce4708a0&X-Tos-SignedHeaders=host"
    },
    {
      "id": "itinerary-01",
      "filename": "itinerary-01.jpg",
      "description": "行程规划 - 旅行手账式日程（版本一）",
      "url": "https://ark-content-generation-v2-cn-beijing.tos-cn-beijing.volces.com/doubao-seedream-4-5/021769396760785013359aa4be1d50f017ce693675296f1599f09_0.jpeg?X-Tos-Algorithm=TOS4-HMAC-SHA256&X-Tos-Credential=AKLTYWJkZTExNjA1ZDUyNDc3YzhjNTM5OGIyNjBhNDcyOTQ%2F20260126%2Fcn-beijing%2Ftos%2Frequest&X-Tos-Date=20260126T030609Z&X-Tos-Expires=86400&X-Tos-Signature=dad568dce8234681c127c28c637965ea67fc6ffec05f247a1b6f199c2e274dd9&X-Tos-SignedHeaders=host"
    },
    {
      "id": "itinerary-02",
      "filename": "itinerary-02.jpg",
      "description": "行程规划 - 旅行手账式日程（版本二）",
      "url": "https://ark-content-generation-v2-cn-beijing.tos-cn-beijing.volces.com/doubao-seedream-4-5/021769396772958013359aa4be1d50f017ce693675296f1a167ed_0.jpeg?X-Tos-Algorithm=TOS4-HMAC-SHA256&X-Tos-Credential=AKLTYWJkZTExNjA1ZDUyNDc3YzhjNTM5OGIyNjBhNDcyOTQ%2F20260126%2Fcn-beijing%2Ftos%2Frequest&X-Tos-Date=20260126T030626Z&X-Tos-Expires=86400&X-Tos-Signature=ae16b1b96647ba387e59adce2da6115db1a1c694322d7d785b21379d8b2ac581&X-Tos-SignedHeaders=host"
    },
    {
      "id": "diary-guochao",
      "filename": "diary-guochao.jpg",
      "description": "海报工作台 - 国潮风格（版本一）",
      "url": "https://ark-content-generation-v2-cn-beijing.tos-cn-beijing.volces.com/doubao-seedream-4-5/021769396788840013359aa4be1d50f017ce693675296f1b8b968_0.jpeg?X-Tos-Algorithm=TOS4-HMAC-SHA256&X-Tos-Credential=AKLTYWJkZTExNjA1ZDUyNDc3YzhjNTM5OGIyNjBhNDcyOTQ%2F20260126%2Fcn-beijing%2Ftos%2Frequest&X-Tos-Date=20260126T030637Z&X-Tos-Expires=86400&X-Tos-Signature=8ff251af4a12d3615f7c14c5cc3f9062786bc22b0360f2c738540e595de8849d&X-Tos-SignedHeaders=host"
    },
    {
      "id": "diary-guochao-alt",
      "filename": "diary-guochao-alt.jpg",
      "description": "海报工作台 - 国潮风格（版本二）",
      "url": "https://ark-content-generation-v2-cn-beijing.tos-cn-beijing.volces.com/doubao-seedream-4-5/021769396800329013359aa4be1d50f017ce693675296f164b1ba_0.jpeg?X-Tos-Algorithm=TOS4-HMAC-SHA256&X-Tos-Credential=AKLTYWJkZTExNjA1ZDUyNDc3YzhjNTM5OGIyNjBhNDcyOTQ%2F20260126%2Fcn-beijing%2Ftos%2Frequest&X-Tos-Date=20260126T030653Z&X-Tos-Expires=86400&X-Tos-Signature=550f20179fff76b647641b13c2a2b5e292a955a2aea9a0cada3cf44317b8ebdc&X-Tos-SignedHeaders=host"
    },
    {
      "id": "diary-cinema",
      "filename": "diary-cinema.jpg",
      "description": "海报工作台 - 电影感风格（版本一）",
      "url": "https://ark-content-generation-v2-cn-beijing.tos-cn-beijing.volces.com/doubao-seedream-4-5/021769396817449013359aa4be1d50f017ce693675296f169f559_0.jpeg?X-Tos-Algorithm=TOS4-HMAC-SHA256&X-Tos-Credential=AKLTYWJkZTExNjA1ZDUyNDc3YzhjNTM5OGIyNjBhNDcyOTQ%2F20260126%2Fcn-beijing%2Ftos%2Frequest&X-Tos-Date=20260126T030709Z&X-Tos-Expires=86400&X-Tos-Signature=7ade4932cb29aef0477ba5cdb7136685b6c065ff3ff509afa04e3e122c43992c&X-Tos-SignedHeaders=host"
    },
    {
      "id": "diary-cinema-alt",
      "filename": "diary-cinema-alt.jpg",
      "description": "海报工作台 - 电影感风格（版本二）",
      "url": "https://ark-content-generation-v2-cn-beijing.tos-cn-beijing.volces.com/doubao-seedream-4-5/021769396833366013359aa4be1d50f017ce693675296f17c556c_0.jpeg?X-Tos-Algorithm=TOS4-HMAC-SHA256&X-Tos-Credential=AKLTYWJkZTExNjA1ZDUyNDc3YzhjNTM5OGIyNjBhNDcyOTQ%2F20260126%2Fcn-beijing%2Ftos%2Frequest&X-Tos-Date=20260126T030724Z&X-Tos-Expires=86400&X-Tos-Signature=6375df43a88b06eea765ad542d56b8e6e427453bd8b91524fc108fc02770f7ac&X-Tos-SignedHeaders=host"
    },
    {
      "id": "diary-minimal",
      "filename": "diary-minimal.jpg",
      "description": "海报工作台 - 极简现代风格（版本一）",
      "url": "https://ark-content-generation-v2-cn-beijing.tos-cn-beijing.volces.com/doubao-seedream-4-5/021769396847660013359aa4be1d50f017ce693675296f17beccd_0.jpeg?X-Tos-Algorithm=TOS4-HMAC-SHA256&X-Tos-Credential=AKLTYWJkZTExNjA1ZDUyNDc3YzhjNTM5OGIyNjBhNDcyOTQ%2F20260126%2Fcn-beijing%2Ftos%2Frequest&X-Tos-Date=20260126T030739Z&X-Tos-Expires=86400&X-Tos-Signature=7029ba1fb627bfb9b6f49292eeefef4654b335ba9b19f34ad08c71cb60e48328&X-Tos-SignedHeaders=host"
    },
    {
      "id": "diary-minimal-alt",
      "filename": "diary-minimal-alt.jpg",
      "description": "海报工作台 - 极简现代风格（版本二）",
      "url": "https://ark-content-generation-v2-cn-beijing.tos-cn-beijing.volces.com/doubao-seedream-4-5/021769396862215013359aa4be1d50f017ce693675296f1930e74_0.jpeg?X-Tos-Algorithm=TOS4-HMAC-SHA256&X-Tos-Credential=AKLTYWJkZTExNjA1ZDUyNDc3YzhjNTM5OGIyNjBhNDcyOTQ%2F20260126%2Fcn-beijing%2Ftos%2Frequest&X-Tos-Date=20260126T030755Z&X-Tos-Expires=86400&X-Tos-Signature=fdf505010aaf0807f4687a98bb490385057e9e210ec290d70b7b3d4ee033bfb4&X-Tos-SignedHeaders=host"
    },
    {
      "id": "flow-01",
      "filename": "flow-01.jpg",
      "description": "完整闭环演示 - 从地图到分享（版本一）",
      "url": "https://ark-content-generation-v2-cn-beijing.tos-cn-beijing.volces.com/doubao-seedream-4-5/021769396879239013359aa4be1d50f017ce693675296f1912f4b_0.jpeg?X-Tos-Algorithm=TOS4-HMAC-SHA256&X-Tos-Credential=AKLTYWJkZTExNjA1ZDUyNDc3YzhjNTM5OGIyNjBhNDcyOTQ%2F20260126%2Fcn-beijing%2Ftos%2Frequest&X-Tos-Date=20260126T030808Z&X-Tos-Expires=86400&X-Tos-Signature=674b9360bc787d80509d8275bda6ec837c58b75d3a45c00055db211d9fad7e07&X-Tos-SignedHeaders=host"
    },
    {
      "id": "flow-02",
      "filename": "flow-02.jpg",
      "description": "完整闭环演示 - 从地图到分享（版本二）",
      "url": "https://ark-content-generation-v2-cn-beijing.tos-cn-beijing.volces.com/doubao-seedream-4-5/021769396891941013359aa4be1d50f017ce693675296f19bba4c_0.jpeg?X-Tos-Algorithm=TOS4-HMAC-SHA256&X-Tos-Credential=AKLTYWJkZTExNjA1ZDUyNDc3YzhjNTM5OGIyNjBhNDcyOTQ%2F20260126%2Fcn-beijing%2Ftos%2Frequest&X-Tos-Date=20260126T030823Z&X-Tos-Expires=86400&X-Tos-Signature=e16d6ecf9d7a8d95521a1cc49b5fd4aa95e313ffe2bf973653caa1c53e89912d&X-Tos-SignedHeaders=host"
    },
    {
      "id": "arch-01",
      "filename": "arch-01.jpg",
      "description": "技术架构 - 系统架构示意（版本一）",
      "url": "https://ark-content-generation-v2-cn-beijing.tos-cn-beijing.volces.com/doubao-seedream-4-5/021769396906196013359aa4be1d50f017ce693675296f1f96ea3_0.jpeg?X-Tos-Algorithm=TOS4-HMAC-SHA256&X-Tos-Credential=AKLTYWJkZTExNjA1ZDUyNDc3YzhjNTM5OGIyNjBhNDcyOTQ%2F20260126%2Fcn-beijing%2Ftos%2Frequest&X-Tos-Date=20260126T030837Z&X-Tos-Expires=86400&X-Tos-Signature=c991ffc850c4cd9ced77824a58d6d2140b64e3b93d3944fbd9bb69838da61d6b&X-Tos-SignedHeaders=host"
    },
    {
      "id": "arch-02",
      "filename": "arch-02.jpg",
      "description": "技术架构 - 系统架构示意（版本二）",
      "url": "https://ark-content-generation-v2-cn-beijing.tos-cn-beijing.volces.com/doubao-seedream-4-5/021769396920719013359aa4be1d50f017ce693675296f1ed67b2_0.jpeg?X-Tos-Algorithm=TOS4-HMAC-SHA256&X-Tos-Credential=AKLTYWJkZTExNjA1ZDUyNDc3YzhjNTM5OGIyNjBhNDcyOTQ%2F20260126%2Fcn-beijing%2Ftos%2Frequest&X-Tos-Date=20260126T030856Z&X-Tos-Expires=86400&X-Tos-Signature=0d146814b9379ef750ef288c2ed8fae2d7c38715b4408f6fe0c920d456046850&X-Tos-SignedHeaders=host"
    },
    {
      "id": "innovation-01",
      "filename": "innovation-01.jpg",
      "description": "技术创新点 - 创新五边形（版本一）",
      "url": "https://ark-content-generation-v2-cn-beijing.tos-cn-beijing.volces.com/doubao-seedream-4-5/021769396939563013359aa4be1d50f017ce693675296f14c3933_0.jpeg?X-Tos-Algorithm=TOS4-HMAC-SHA256&X-Tos-Credential=AKLTYWJkZTExNjA1ZDUyNDc3YzhjNTM5OGIyNjBhNDcyOTQ%2F20260126%2Fcn-beijing%2Ftos%2Frequest&X-Tos-Date=20260126T030912Z&X-Tos-Expires=86400&X-Tos-Signature=f96ee147a0226d9025eb62de13243caa67cb83aa8f66606fa36a7f6595e26248&X-Tos-SignedHeaders=host"
    },
    {
      "id": "innovation-02",
      "filename": "innovation-02.jpg",
      "description": "技术创新点 - 创新五边形（版本二）",
      "url": "https://ark-content-generation-v2-cn-beijing.tos-cn-beijing.volces.com/doubao-seedream-4-5/021769396954930013359aa4be1d50f017ce693675296f1781862_0.jpeg?X-Tos-Algorithm=TOS4-HMAC-SHA256&X-Tos-Credential=AKLTYWJkZTExNjA1ZDUyNDc3YzhjNTM5OGIyNjBhNDcyOTQ%2F20260126%2Fcn-beijing%2Ftos%2Frequest&X-Tos-Date=20260126T030925Z&X-Tos-Expires=86400&X-Tos-Signature=ee917fe90ca17c94775a1b033caf0dc8a1bd0c118e16d865ac2a2d1809db3e8f&X-Tos-SignedHeaders=host"
    },
    {
      "id": "compete-01",
      "filename": "compete-01.jpg",
      "description": "竞品分析 - 差异化定位坐标（版本一）",
      "url": "https://ark-content-generation-v2-cn-beijing.tos-cn-beijing.volces.com/doubao-seedream-4-5/021769396968801013359aa4be1d50f017ce693675296f1976716_0.jpeg?X-Tos-Algorithm=TOS4-HMAC-SHA256&X-Tos-Credential=AKLTYWJkZTExNjA1ZDUyNDc3YzhjNTM5OGIyNjBhNDcyOTQ%2F20260126%2Fcn-beijing%2Ftos%2Frequest&X-Tos-Date=20260126T030938Z&X-Tos-Expires=86400&X-Tos-Signature=c3d4d1937e70aef0fb04a26ccf990c58cb61f922c9ac30ecdf5f04d418ceb10b&X-Tos-SignedHeaders=host"
    },
    {
      "id": "compete-02",
      "filename": "compete-02.jpg",
      "description": "竞品分析 - 差异化定位坐标（版本二）",
      "url": "https://ark-content-generation-v2-cn-beijing.tos-cn-beijing.volces.com/doubao-seedream-4-5/021769396981239013359aa4be1d50f017ce693675296f1dfda94_0.jpeg?X-Tos-Algorithm=TOS4-HMAC-SHA256&X-Tos-Credential=AKLTYWJkZTExNjA1ZDUyNDc3YzhjNTM5OGIyNjBhNDcyOTQ%2F20260126%2Fcn-beijing%2Ftos%2Frequest&X-Tos-Date=20260126T030950Z&X-Tos-Expires=86400&X-Tos-Signature=823881c312a552b53520e64678257faa55d138b58fe3c8ee016df436810ecfea&X-Tos-SignedHeaders=host"
    },
    {
      "id": "business-01",
      "filename": "business-01.jpg",
      "description": "商业模式 - 城市文旅中台（版本一）",
      "url": "https://ark-content-generation-v2-cn-beijing.tos-cn-beijing.volces.com/doubao-seedream-4-5/021769396994077013359aa4be1d50f017ce693675296f11069d1_0.jpeg?X-Tos-Algorithm=TOS4-HMAC-SHA256&X-Tos-Credential=AKLTYWJkZTExNjA1ZDUyNDc3YzhjNTM5OGIyNjBhNDcyOTQ%2F20260126%2Fcn-beijing%2Ftos%2Frequest&X-Tos-Date=20260126T031004Z&X-Tos-Expires=86400&X-Tos-Signature=cb854e720ecfde029434390b5e42ebace745c54766a5b82296df08c38ced2a21&X-Tos-SignedHeaders=host"
    },
    {
      "id": "business-02",
      "filename": "business-02.jpg",
      "description": "商业模式 - 城市文旅中台（版本二）",
      "url": "https://ark-content-generation-v2-cn-beijing.tos-cn-beijing.volces.com/doubao-seedream-4-5/021769397007826013359aa4be1d50f017ce693675296f1133688_0.jpeg?X-Tos-Algorithm=TOS4-HMAC-SHA256&X-Tos-Credential=AKLTYWJkZTExNjA1ZDUyNDc3YzhjNTM5OGIyNjBhNDcyOTQ%2F20260126%2Fcn-beijing%2Ftos%2Frequest&X-Tos-Date=20260126T031020Z&X-Tos-Expires=86400&X-Tos-Signature=c9ed499e075ed2e7a4daec5a16cecc3d40eeb2ed6f4c92abf82e0ebfbf20277a&X-Tos-SignedHeaders=host"
    },
    {
      "id": "finance-01",
      "filename": "finance-01.jpg",
      "description": "财务分析 - 财务增长曲线（版本一）",
      "url": "https://ark-content-generation-v2-cn-beijing.tos-cn-beijing.volces.com/doubao-seedream-4-5/021769397023851013359aa4be1d50f017ce693675296f19af33a_0.jpeg?X-Tos-Algorithm=TOS4-HMAC-SHA256&X-Tos-Credential=AKLTYWJkZTExNjA1ZDUyNDc3YzhjNTM5OGIyNjBhNDcyOTQ%2F20260126%2Fcn-beijing%2Ftos%2Frequest&X-Tos-Date=20260126T031035Z&X-Tos-Expires=86400&X-Tos-Signature=69233c6384e15d6f299299e3cdebe7606c4c1e6e7395446fa77c560c1ffdad2f&X-Tos-SignedHeaders=host"
    },
    {
      "id": "finance-02",
      "filename": "finance-02.jpg",
      "description": "财务分析 - 财务增长曲线（版本二）",
      "url": "https://ark-content-generation-v2-cn-beijing.tos-cn-beijing.volces.com/doubao-seedream-4-5/021769397039281e90bb41e29889bfd3490746bb2652e40ba1f81_0.jpeg?X-Tos-Algorithm=TOS4-HMAC-SHA256&X-Tos-Credential=AKLTYWJkZTExNjA1ZDUyNDc3YzhjNTM5OGIyNjBhNDcyOTQ%2F20260126%2Fcn-beijing%2Ftos%2Frequest&X-Tos-Date=20260126T031049Z&X-Tos-Expires=86400&X-Tos-Signature=68f56ef8c427f99b736d7b546dff48c6aa0a7c3f5fbff7403fd346355ef59f7b&X-Tos-SignedHeaders=host"
    },
    {
      "id": "future-01",
      "filename": "future-01.jpg",
      "description": "团队与未来 - 世界青年文化交流（版本一）",
      "url": "https://ark-content-generation-v2-cn-beijing.tos-cn-beijing.volces.com/doubao-seedream-4-5/021769397051909e90bb41e29889bfd3490746bb2652e4013a7e9_0.jpeg?X-Tos-Algorithm=TOS4-HMAC-SHA256&X-Tos-Credential=AKLTYWJkZTExNjA1ZDUyNDc3YzhjNTM5OGIyNjBhNDcyOTQ%2F20260126%2Fcn-beijing%2Ftos%2Frequest&X-Tos-Date=20260126T031103Z&X-Tos-Expires=86400&X-Tos-Signature=98775f3e27da0671240a48087b7f19fe76a121f7e5a58a24a3aa9c0f6450692d&X-Tos-SignedHeaders=host"
    },
    {
      "id": "future-02",
      "filename": "future-02.jpg",
      "description": "团队与未来 - 世界青年文化交流（版本二）",
      "url": "https://ark-content-generation-v2-cn-beijing.tos-cn-beijing.volces.com/doubao-seedream-4-5/021769397066542e90bb41e29889bfd3490746bb2652e4033ac98_0.jpeg?X-Tos-Algorithm=TOS4-HMAC-SHA256&X-Tos-Credential=AKLTYWJkZTExNjA1ZDUyNDc3YzhjNTM5OGIyNjBhNDcyOTQ%2F20260126%2Fcn-beijing%2Ftos%2Frequest&X-Tos-Date=20260126T031120Z&X-Tos-Expires=86400&X-Tos-Signature=2bf20e96b227ade4424ca30f5660d9805a6f12aba86e5f9d0471b1f6579de53d&X-Tos-SignedHeaders=host"
    }
  ],
  "errors": []
}